00-evan,shattered-pixel-dungeon
0xbb,otp-authenticator
2buntu,2buntu-android-app
316k,android-fortune
42sk,tvkill
452,usbhidterminal
47deg,scala-days-android
47deg,translate-bubble-android
4k3r,material-color-picker
75py,disablemanager
9elements,9elements-one-for-android-wear
a-tsioh,taigime-android
aarddict,android
aaronjwood,portauthority
aayushranaut,skooterapp
abaker,tasks
abarisain,dmix
abcdjdj,rootverifier-app
abeiro,amplayer.droid
abitsinc,ab-its-inc-flashlight-android
abrensch,brouter
achep,acdisplay
achep,jellybeanclock
achromaticmetaphor,agram
achromaticmetaphor,imcktg
acl33,androiddasher
activems,clipcaster
acvarium,tasclock
adepasquale,esms
adneal,apollo-cm
adonai,man-man
adrian,upm-android
adrian-bl,apn-switch
adrian-bl,bl-battstatus-android
adrianchifor,swiftnotes
adrianchifor,tapunlock
adstro,launch-app-ops
aefeinstein,mtg-familiar
aelmahmoudy,gogodroid
afollestad,photo-affix
afwang,ogame-android-app
agnibho,solarcompass
agwells,dotdash-keyboard-android
aidin36,simpletextcrypt
ajaapps,flightmode
ajlyon,zandy
akvo,akvo-rsr-up
alegen,netclip
aleixdev,appspecificorientation_foss
alexdantas,kure-music-player
alexghr,bulkshare
alexkang,blue-chat
alexkang,loopboard
alexkang,simple-matrix
alexloehner,linuxcounter.android.app
alexxz,hawkingquotes
alijc,cricketsalarm
alkarex,easyrss
allo-,nachtlagerdownloader
allsimon,alldebrid
alt236,android-drawables---android
alt236,usb-device-info---android
alter-ego,unisannio-reboot
alterechtschreibung,monthcalendarwidget2foss
amabyte,vtu-cs-lab-manual
amasciul,drinks
ambrice,timesheet
amiga,sonorox
aminb,mathtools
amir,hndroid
amiryal,misbotheringsms
anasthase,tintbrowser
anasthase,tintbrowseradblockaddon
anderweb,android_packages_apps_launcher
andforce,ibeebo
andlyticsproject,andlytics
andreynovikov,androzic
androidsoft-org,androidsoft-coloring
androidsoft-org,androidsoft-memory
androidsoft-org,androidsoft-permission
androidsoft-org,androidsoft-puzzle
androidsoft-org,androidsoft-slowit
androidsoft-org,androidsoft-tuxmemory
andstatus,andstatus
andviane,moon
andviane,prism
andybotting,tramhunter
andyiac,githot
animasa,atarashii
ankidroid,anki-android
anselm94,torchie-android
antennapod,antennapod
anthonycr,lightning-browser
anthonydahanne,regalandroid
antoniolg,bandhook-kotlin
antonioredondo,anothermonitor
anysoftkeyboard,anysoftkeyboard
anysoftkeyboard,languagepack
apps4av,avare
architjn,auro
arifhn,nstools
arkon,cdflabs
arminha,worldclockwidget
arnowelzel,periodical
arpitkh96,amazefilemanager
arpruss,sendreduced
artetxem,mitzuli
as4565683,wordvaluecalculator
asksven,betterbatterystats
asksven,betterwifionoff
asnelt,derandom
asommer70,evergreen-wishlist
atd,handynotes
avianey,level
avjinder,minimal-todo
awaken,sanity
awilliams,fish
axxapy,apkextractor
aykit,myownnotes-android
bagilevi,android-pedometer
bailuk,aat
balau,fakedawn
balesz,android-websearch
banasiak,coinflip
banasiak,coinflipextexample
baolongnt,emailpopup
bashtian,dashclock-sunrise
basil2style,getid
basil2style,sudoku-pattern-generator-app
beegee-tokyo,phoenix
beide,bomber-for-android
beide,droidgain
bencebeky,mmskeeper
benjaminaigner,aiproute
berlin-vegan,berlin-vegan-guide
bfix,ringcode-android
bherrmann7,car-cast
billthefarmer,accordion
billthefarmer,melodeon
billthefarmer,scope
billthefarmer,shorty
billthefarmer,sig-gen
billthefarmer,tuner
biochem-fan,ndkmol
bitfireat,cadroid
bither,bither-android
bitplane,microphone
bkueng,clash_of_balls
blanyal,remindly
blaztriglav,did-i
blippex,blippex_android_app
blitzprog,anime-release-notifier-android
bobbyrne01,howfardoyouswim-android
bobthekingofegypt,bobball
bombusmod,bombusmod
boombuler,piraten_map_app
boombuler,shift
borneq,heregpslocation
bottiger,soundwaves
boztalay,puppyframe
bparmentier,apkshare
bparmentier,dnssetter
bparmentier,openbikesharing
bparmentier,wifikeyshare
bpear96,archon-packager
bpeel,catverbs
bpeel,prevo
bpellin,keepassdroid
brambonne,privacypolice
brandroidtools,openexplorer
brarcher,baby-sleep-sounds
brarcher,budget-watch
brarcher,gift-card-guard
brarcher,loyalty-card-locker
brarcher,protect-baby-monitor
brave-warrior,travisclient-android
brave-warrior,weartimer
bretternst,urlazy
brillenheini,deepscratch
brosmike,airpush-detector
btcontract,visualbitcoinwallet
btmura,rbb
budowski,budoist
buttink,sick-stache
butzist,activitylauncher
bvalosek,cpuspy
bxbxbai,zhuanlan
bychkovdmitrii,words
byoutline,kickmaterial
c-aniruddh,acemusicplayer
caarmen,frcandroidwidget
caarmen,network-monitor
caarmen,nounours-android
caarmen,poet-assistant
caarmen,scrumchatter
carstenkarbach,motac
carts-uiet,cartsbusboarding
cbeyls,fosdem-companion-android
cdeange,github-status
cerisara,dragongoapp
cerisara,scrabble
cernekee,easytoken
cernekee,ics-openconnect
cgeo,cgeo
cglapa,rights-alert
chaosbastler,opentraining
charbgr,anagram-solver
chelovek84,mbrowser
chelovek84,mlauncher
chemicalappspace,isotopes
chemik,logcatudp
cherubin7th,blackscreenpresentationremote
chibibi,simpledeadlines
chiuki,friendspell
chluverman,android-gltron
chmod0,manpages
chris-blay,radio-reddit-for-android
chrisbanes,philm
chrisboyle,sgtpuzzles
chrislacy,tweetlanes
chrismiceli,motp
chrispbailey,todo-list-widget
ciasaboark,tacere
citiususc,calendula
citux,td
cketti,dashclock_k-9
claha,movianremote
clementine-player,android-remote
cmotc,rotationlock
cmusphinx,pocketsphinx-android-demo
cmykola,lexin
codebutler,farebot
coderkiss,kissproxy
codinguser,gnucash-android
concentricsky,android-viewer-for-khan-academy
conchyliculture,wikipoff
congresointeractivo,elegilegimobile
connectbot,connectbot
coolcord,squeez
corcoran,hangar
cprados,wifimatic-android
cr5315,countdown-for-dashclock
crawl,crawl
criticalmaps,criticalmaps-android
cryptofuture,urlhda
crysxd,studiportal-checker
csploit,android
ctodobom,opennotescanner
cw,svg-viewer-android
cw124,mute-for-sonos
cyanogenmod,android_packages_apps_apollo
cybro,palmcalc
cyclestreets,android
cycloneaxe,phphub-android
cyngn,oneclickandroid
czlee,debatekeeper
d120,kistenstapeln-android
dahlia,muzei-pixiv
daimajia,animetaste
daimajia,evermemo
daj,flashback
damienoreilly,prepaycredit
dan-zx,rox-android
daneren2005,subsonic
danielbarnett714,addresstogps
danielegobbetti,icsimport
danielegobbetti,mixare
danielme-com,muspy-for-android
dannagle,packetsender-android
darthjoey91,hangman-android
daryldy,heart
daveread,sequencehunt
dbooga,monsterhunter3udatabase
dbravender,korean_conjugation
de-live-gdev,cherrymusic_android
de-live-gdev,kimai-android
demantz,rfanalyzer
dennis-sheil,glwallpaperservice
dennischen,daily-money
derekcsm,hubble_gallery
derpeter,froscon
destil,wearsquare
developfreedom,logmein-android
devisnik,slider
devonjones,pathfinderopenreference
df1e,simpleexplorer
dgmltn,android-morphclock
dgmltn,android-upnp-browser
diedricm,mapever
dillbyrne,bodha-converter
dillbyrne,hashpass
dillbyrne,pasteedroid
dimtion,shaarlier
dinosaurwithakatana,hacker-news-android
dinosaurwithakatana,lastcaller
dizzythermal,auto-away
dkim0419,soundrecorder
dlew,android-gfycat
dmashuda,networkscanner
dmfs,opentasks
dnet,adsdroid
docsalvi,linuxdayappandroid
dodyg,androidrivers
dolphin-emu,dolphin
domoritz,open-mensa-android
doplgangr,secrecy_fdroid
dotwee,micropinner
dougkeen,bartrunnerandroid
douzifly,clear-todolist
dozingcat,asciicam
dozingcat,camtimer
dozingcat,vector-pinball
dpadgett,timer
drakeet,seashell-app
drakeet,smartisannote
drakeet,smscodehelper
dreamingincodezh,douya
dririan,ringydingydingy
drklo,telegram
drodin,stratagus
drodin,tuxrider
droidapps,pdfreader4android
drpout,boilr
dschuermann,birthday-adapter
dsoulayrol,android-sholi
duckduckgo,android
duncanje,android-open-wifi-network-remover
durka,hallmonitor
dwa012,wearbinarywatchface
dynalogin,dynalogin-android
dynamitetuning,com.dynamite.heaterrc
earthblood,toe
easytargetmixel,micopi_android
easytiger,dotty
ebaschiera,triplecamel
eboudrant,net.ebt.muzei.miyazaki
ebraminio,droidpersiancalendar
ebraminio,wikimediacommonsformuzei
ecuamobi,deck-wallet
eddturtle,turtleplayer
edhelas,movim_android
edsonduarte1990,reminders
edwardoyarzun,diccionariochilenoandroid
efarraro,deckerino
egor-n,gunnner
ehcloninger,pf-public
eibriel,reddot
einmalfel,podlisten
elek,osmgpxuploader
elelinux,greatfreedom
eleybourn,book-catalogue
eliotstocker,light-controller
elsewhat,com.elsewhat.android.currentwallpaper
emdete,tabulae
emergentdotorg,shaman
emerzh,openfixmap
emmaguy,clean-status-bar
emmaguy,wear-notify-for-reddit
endeepak,dotsnsquares
ennswi,androidcaldavsyncadapater
enricocid,chocoui---xda-colors
enricocid,jellyrevenge-cm11-theme
enricocid,lffl-feed-reader
enricocid,storage-usb
enricocid,xda-feed-reader
eolwral,osmonitor
eqvinox,wifisetup
ercanpinar,app-android
erickok,transdroid
erickok,transdroid-search
ericzolf,pmtd
esahekmat,chesswatch
esoxjem,movieguide
estearg,android-piano
et-cs,ez-wifi-notification
ethackdotorg,orwall
ethauvin,noussd
etuldan,sparss
eugmes,headingcalculator
evankale,trirose
evanre,equate
everythingandroid,android-smspopup
evilrobot69,code
evisceration,devicecontrol
f0x06,eddymalou
f2prateek,device-frame-generator
fadelakin,sfm
falnatsheh,markdownview
fasteque,rgb-tool
federicoiosue,omni-notes
feelinglucky,presentation
felixb,callmeter
felixb,clipboard-beam
felixb,otpdroid
felixb,portal-timer
felixb,smsdroid
felixb,websms-connector-gmx
felixb,websms-connector-smspilot-ru
felixpalmer,android-visualizer
firefart,permissions
firetech,pactrackdroid
firetech,wifiwarning
fivasim,antikythera-simulation
fixme-lausanne,myhackerspace
floens,clover
florent37,ociney
flyingrub,speedmeter
fmetzger,android-sensorium
foocorp,gnu-fm
fortyseven,tonedef
foxykeep,lifecounter
fr3ts0n,androbd
fr3ts0n,stagefever
franciscofranco,simple-reboot-app
frankkienl,bronylivewallpaper
frankmorgner,vsmartcard
fredjul,flym
free-software-for-android,adaway
free-software-for-android,fastergps
free-software-for-android,ntpsync
free-software-for-android,standalone-calendar
freeminer,freeminer
freeyourgadget,gadgetbridge
freezy,android-xbmcremote
frogermcs,frogermcs
frogermcs,instamaterial
frostwire,frostwire-android
frozen-developers,android-cache-cleaner
frozen-developers,android-periodic-table
frrahat,quran-for-my-android
fs1995,flashlightwidget
fvasco,pinpoi
fyhertz,spydroid-ipcamera
gabm,fancyplaces
gabrielemariotti,dashclockbattery
ganhuo,android-ganhuo
gdg-x,frisbee
ge0rg,gamemasterdice
ge0rg,yaxim
geecko86,quicklyric
gehaxelt,android-altcoinfaucetapp
geminiwen,tudounotepad
geometer,fbreaderj
geometer,fbreaderj-plugin-local-opds-scanner
geometer,fbreaderj-plugin-tts
geopaparazzi,geopaparazzi
georgijk,swj
germainz,identiconizer
gggard,androidcaldavsyncadapater
ghackett,appalarm
ginatrapani,todo
ginkel,hashit
giorgioregni,binaural-beats
giraffine,android-project
github,android
gitskarios,gitskarios
gittner,osmbugs
gituser1357,constellations
gjedeer,androidwisprclient
gjedeer,mylocation
glesik,nostrangersms
glesik,wifireminders
glesik,wpgen
glucosio,android
godsmoon,flashify
gokhanmoral,stweaks
google,cloud-cup-android
google,google-authenticator-android
google,iosched
google,pienoon
google,santa-tracker-android
googlesamples,android-universalmusicplayer
graham22,classic
grahamblanshard,wiseradar
grarak,kerneladiutor
greatyao,v2ex-android
greenaddress,greenbits
greenaddress,walletcordova
gregko,ttsplus-fbreader
grennis,mongoexplorer
grimpy,botifier
gringer,colourclock
gringer,concentricclock
grote,blitzmail
grote,transportr
groundapps,shoppinglist
grzegorznittner,chanu
gsingh93,hacker-live-wallpaper
gstarnberger,cbw
gsurrel,facebooknotifications
guardianproject,cacert
guardianproject,chatsecureandroid
guardianproject,checkey
guardianproject,gnupg-for-android
guardianproject,lildebi
guardianproject,notecipher
guardianproject,orweb
guardianproject,pixelknot
gunshippenguin,open_flood
gustavomondron,twik
guvery,notifyme
gwhiteside,abstract-art
gwindow,whatandroid
gwlodarek,torontotransit
hackathoner,gradr
hackathoner,lovegame
haha01haha01,harail_android
haiwen,seadroid
halzhang,startupnews
handschuh,slight-backup
hanks-zyh,conquer
harism,android_wallpaper_flier
harism,android_wallpaper_flowers
harism,android_wallpaper_yinyang
harleensahni,media-button-router
hauckwill,linconnect-client
headrevision,behatreporter
helloworld1,anymemo
herrlado,georgianfonts
heruoxin,clip-stack
herverenault,directdictaphone
herverenault,self-hosted-gps-tracker
hgdev-ch,toposuite-android
hhroc,yellr-android
hidroh,materialistic
himmele,quickdroid
hitherejoe,mvvm_hacker_news
hitherejoe,vineyard
hmrocha,batterywidget
hmrocha,wifiwidget
hoffimar,timerdroid
holylobster,nuntius-android
horn3t,android_packages_apps_performancecontrol
howeyc,spipedmobile
hozakan,materialdesigncolorpalette
hrk,no-frills-cpu-classic
hrydgard,ppsspp
hsaito,hstempo_android
htruong,sophia_oss
huntergdavis,cantstoptherock
hwki,simplebitcoinwidget
hwmrocker,tictactoe
ianeh,yasfa1
icecondor,android
idunnololz,igo
iexos,bipolalarm
ifixit,ifixitandroid
igoralmeida,muzei-apod
iilab,openmentoring-mobile
iilab,panicbutton
ikarus23,mifareclassictool
ikew0ng,dribbo
ikrelve,kuaihu
ilesinge,scuttloid
ilijamt,android-adbm
illarionov,rtkgps
indiandragon,shellshock-vulnerability-scan
indication,openredmine
indrora,atomic
indywidualny,faceslim
inguin,moneybalance
inmite,android-grid-wichterle
inorichi,tachiyomi
intervigilium,micdroid
intrications,browser-intercept
intrications,intent-intercept
invano,ambientweatherdashclockextension
irail,betrains-for-android
irccloud,android
irssiconnectbot,irssiconnectbot
isanexusdev,androidcpg
isimar,hackernews-react-native
isoron,uhabits
ivanvolosyuk,diskusage
ivanvolosyuk,wifikeyboard
iwhys,cnode-android
j4velin,pedometer
j4velin,systemappmover
j4velin,wifi-auto-off
jackpal,android-terminal-emulator
jackpal,glesquake
jagossel,movingpolygons
jakebasile,hearing-saver
jakewharton,telecine
jakobwenzel,mensaguthaben
jamesfrost,simpledo
jamienicol,episodes
jannispinter,jaws
janosgyerik,bluetoothviewer
jariz,materialup
jarofgreen,just-a-damn-compass
jasonycw,memecreator
jaspervanriet,jager
javierllorente,adc
javiersantos,mlmanager
javiersantos,moticons
javiersantos,whatsappbetaupdater
jbardera,roaminginfo
jberkel,sms-backup-plus
jbirdvegas,external_jbirdvegas_mgerrit
jcarolus,android-chess
jcasson,meerkatchallenge
jecelyin,920-text-editor
jeffboody,gears2
jeffmen,git
jeffxmn,temaki
jemboy,android-buddy-navigator
jemboy,android-interval-timer
jensstein,oandbackup
jeppsson,arduino-communicator
jerickson314,sdscanner
jesusfreke,penroser
jevonlongdell,nztides
jfedor2,nxt-remote-control
jforce-dev,chapel-hill-transit-android
jfreax,openlaw
jgilfelt,ghostlog
jhilanalkarawi,swiss-tournament
jiro-aqua,agrep
jjc1138,scrobbledroid
jklmnn,parkendd
jmschanck,scanner-for-zotero
jmyrland,drismo
joanpuigsanz,servdroid
jochem88,clean-calculator
joeyvanderbie,android-heart-rate-monitor
johanhil,copy-to-clipboard
johanhil,ddg-android
john-tornblom,tvhguide
johnmharrisjr,boogdroid
johnnylambada,worldmap
johnpersano,crimetalk-reader
johnzweng,bankomatinfos
jonan,forkhub
jonasbleyl,recurrence
jonascz,save-for-offline
jonatkins,ingress-intel-total-conversion
jordhi,cinecat
jorgecastillo,kanadrill
joyoyao,supercleanmaster
jparkie,aizoban
jparkie,givesmehopeandroidclient
jpeddicord,speedofsound
jpkrause,dailybread
jpriebe,hotdeath
jroal,a2dpvolume
jruesga,photophase
js-labs,walkietalkie
jseidl,goldeneye-mobile
jselbie,wrekonline
juankysoriano,materiallife
jufickel,rdt
julianwi,javainstaller
junjunguo,pocketmaps
juodumas,android-lithuanian-layouts
jurihock,voicesmith
justdave,nwsweatheralertswidget
justicerage,apktrack
jyio,botbrew-gui
k3b,androfotofinder
k3b,calendaricsadapter
k3b,locationmapviewer
k3b,togozip
k9mail,k-9
kaeruct,glxy
kaljurand,diktofon
kaljurand,k6nele
kamegami13,monsterhunter4udatabase
kaytdek,colornamer
kconger,org.thecongers.mtpms
kennyc1012,opengur
kent1,manille
kertase,neo_anysoftkeyboard
kesavanm,malartoon
kestutis-z,world-weather
khuttun,notificationnotes
kibab,encpasschanger
kinneyyan,36krreader
kiwix,kiwix
klassm,andfhem
klinker24,talon-for-twitter
knilch0r,freeshisen
knirirr,beecount
kobuge-games,minilens
kobuge-games,ninja-training
kodarkooperativet,notificationstopwatch
kodejak,hashr
koellechristian,trickytripper
konifar,droidkaigi2016
konklone,campyre
konradrenner,kolabnotes-android
kontalk,androidclient
kost,external-ip
kost,networkmapper
koush,superuser
kreed,vanilla
kromonos,mustard-mod
krt16s,ffupdater
krt16s,jfcups-service
ksksue,android-usb-serial-monitor-lite
kyakujin,tagnotepad
kyze8439690,v2ex-daily-android
lablogga,diygenomics_android
lastfm,lastfm-android
ldionmarcil,osrshelper
ldo,objviewer_android
leaking,wegit
leochirkov,service-menu
leonardocardoso,multitouch-test
lesik,open-archnews
lexica,lexica
lgallard,qbittorrent-client
lguipeng,notes
liato,android-bankdroid
lightbox,quicksnap
ligi,ajsha
ligi,blexplorer
ligi,etheremote
ligi,fast
ligi,gobandroid
ligi,passandroid
ligi,satoshiproof
ligi,scr
ligi,vaporizercontrol
linroid,sky31radio
linuxtage,glt-companion
lithium,pomodoro
litrik,be.norio.randomapp
littledot,permission-nanny
lkorth,screen-notifications
llaske,sugarizer
lllllt,atmospherelogger
lllllt,multipicturelivewallpaper
loadrunner,facebook-contact-sync
logomancer,dashquotes-civ5
logomancer,diedroid
loisaidasam,mta-fare-buster-android
longdivision,hex
lordi,tickmate
losttime,cooper
louboco,icicle
louffoster,flickit
lpar,rpn
lparam,xsocks-android
ltguillaume,droidshows
lucasdnd,16-bit-clock
lucasdnd,decimal-clock-widget
lucasdnd,unix-time-clock-widget
luk1337,timetable2
lukestonehm,logicaldefence
luorrak,ouroboros
lzjun567,xiyuanfangapp
lzyzsd,zhihudailykotlin
m45t3r,retrobreaker
m66b,netguard
madeye,proxydroid
mafik,echo
mafrosis,wake-on-lan
majeurandroid,applications-info
malmstein,yahnac
manabu-gt,designoverlay-android
mancio,volume-control
manmal,hn-android
mannd,epmobile
mannd,morbidmeter-android
maoruibin,translateapp
mapsme,omim
maralexbar,wifi-key-view
marcdufresne,betterweather
marcosdiez,shareviahttp
marcuswolschon,osmeditor4android
marfl,android-bulgarian-phonetic-layout
marfnk,sosmobileclient
marin-liovic,fast-brightness-control-widget
mariotaku,imageviewer-gl
mariotaku,twidere.extension.twitlonger
markmcavoy,androidtoken
markusfisch,shadereditor
markusfisch,wavelineswallpaper
marlinski,rumble
marmaladesky,arevelation
martinchodev,diaspora-native-webapp
martinchodev,redpanal-android-webapp
martinmarinov,rtl_tcp_andro-
martykan,forecastie
martykan,webtube
marunjar,anewjkuapp
matachi,geometri-destroyer
matburt,mobileorg-android
matejdro,pebbledialer-android
mateusz-szafraniec,nfc-key
mateusz-szafraniec,nfctagmaker
mateuszbuda,thermometerextended2
mathbellev,stdatmosphere
matt-allen,dpixel
matt-allen,loaned-android
matt-allen,repay-android
mattgmg1990,miracast-widget
mattieapps,roommates
mattkwan,android-xserver
mavidser,attendance-viewer
mavonst,easylight
max-weller,friendica-for-android
maxfierke,sandwichroulette
maxpower47,pindroid
mazechazer,wot-tank-quiz
mbcrump,firstgooglewearableapp
mboesling,hydromemo
mborjesson,lg-optimus-2x-black-notifications
mcarolan,when-ze-bus
mcrosson,android_packages_apps_cmfilemanager
mcxiaoke,minicat
mdecorde,bac76
mehmetakiftutuncu,eshotroid
melllvar,spark360
mendhak,gpslogger
meonwax,soundboard
mgaetan89,showsrage
michaele1000,yahtzee4android
mick88,filemanager
micode,compass
micode,fileexplorer
micode,soundrecorder
microg,android_packages_apps_unifiednlp
microg,applewifinlpbackend
microg,ichnaeanlpbackend
microg,nominatimgeocoderbackend
micwallace,reddinator
miguelvps,politedroid
mihaibalint,timisoarapublictransport
mikepenz,wallsplash-android
mikereidis,spirit2_free
miku-nyan,overchan-android
minetest,minetest
minetest,minetest_game
miracle2k,android-autostarts
mirakelx,mirakel-android
mirasmithy,epochlauncher
mitchazj,wearable-chess
mizzledk,mizuu
mjdenham,and-bible
mnkai,pgpclipper
mobilepearls,com.mobilepearls.sokoban
mobimentum,dualsimreminder
mobiperf,mobiperf
mofosyne,instantreadmeapp
mofosyne,nfcmessageboard
mofosyne,tagdrop
mogutt,ttandroidclient
mohammadadib,floatingstickies
mohammadadib,roundr
mohammadag,android-file-beam
momodalo,vimtouch
monakhv,samlib-info
moneymanagerex,android-money-manager-ex
moparisthebest,appbak
moparisthebest,pageplusbalance
morlunk,mountie
morlunk,plumble
motianhuo,wechat
mozilla,mozstumbler
mpcjanssen,simpletask-android
mpiannucci,hackwinds
mpieter,notification-analyser
mpieter,twitterlists
mportuesisf,screeninfo
mrbimc,selinuxmodechanger
mrdoomy,overflow
mrdoomy,torch
mridang,dashclock-cellinfo
mridang,dashclock-wifiinfo
mrksbrg,racketghost
msal,muzei-nationalgeographic
msemm,keypad-mapper-3
mthli,bitocle
mthli,ninja
mthli,tweetin
mtotschnig,myexpenses
mtotschnig,sendwithftp
mugcupsoup,simplereflectedlightmeter
mummyding,leisure
murraycu,android-galaxyzoo
musenkishi,wally
mustafa01ali,sensorssandbox
mvarnagiris,financius-public
mvestola,helsinki-testbed2-android
mvglasow,satstat
mvsastry,dashcricket
mwgg,passera
mysociety,fixmystreet-mobile
n76,local-gsm-backend
n76,wifi_backend
n8fr8,gilgamesh
nadam,nfc-reader
naman14,s-tools
naman14,timber
namsor,gendreapp
nasahapps,awkwardratings-android
nathan-osman,chronosnap
nathanpc,build.prop-editor
natureshadow,mirwtfapp
natureshadow,zahnarztgeraeusche
navit-gps,navit
nciric,ndfilter
neamar,kiss
nekromant,nettts
nelenkov,cryptfs-password-manager
neophytes,microsoft-pragyan-hackathon
nephoapp,anarxiv
nerzhul,owncloud-sms-app
netmackan,atimetracker
newproggie,sparkleshare-android
nexes,android-file-manager
nezvadovitz,soundbored
nfd,keepassnfc
nguillaumin,osmtracker-android
nickbutcher,plaid
nicolas-raoul,oxygenguide-android
nicolassmith,urlevaluator
nicopico-dev,dashclock-birthday
nightlynexus,color-clock
nightonke,cocoin
nightonke,leeco
nightwhistler,pageturner
nikclayton,android-squeezer
nilhcem,frcndict-android
nilhcem,hosts-editor-android
nilsbraden,ttrss-reader-fork
niparasc,papanikolis-submarine
niteshpatel,ministocks
nkanaev,bubble
nma83,sdcardtrac
nolanlawson,apptracker
nolanlawson,catlog
nolanlawson,chordreaderroot
nolanlawson,japanesenameconverterroot
nolanlawson,keepscore
norenh,rkfread
nothingmagical,coins-android
notizklotz,derbund-downloader
notriddle,budget-envelopes
notriddle,null-launcher
npmiller,syncarnet
numixproject,com.numix.calculator
numixproject,com.numix.icons_circle
numixproject,org
numixproject,org.numixproject.iconsubmit
nuptboyzhb,newplanegame
nutomic,control-dlna
nutomic,ensichat
nutomic,movecerts
nyubis,pomfshare
o2genum,coregame
oaken-source,exceer
oasisfeng,nevolution
obale,divedroid
odoo-mobile,messaging
odrin,droid-watcher
oep,rainwave-android
ogaclejapan,qiitanium
ohmnibus,quick-dice-roller
ohmylob,lapseface
oikomi,fishchatandroid
ojacquemart,vlillechecker
okey666,nicecompass
okfn,product-browser-android
olejon,mdapp
olejon,spotcommander
omegavesko,holocounter
omegavesko,sutransplus
omerjerk,remotedroid
oneru,fwknop2
onlyinamerica,bart
onyxbits,droidentify
onyxbits,drudgery
onyxbits,geobookmark
onyxbits,listmyaps
onyxbits,photobookmark
onyxbits,pocketbandit
onyxbits,remotekeyboard
onyxbits,sensorreadout
onyxbits,textfiction
ooz,heymeditation
opacapp,opacclient
openintents,aboutapp
openintents,filemanager
openintents,notepad
openintents,safe
openpgp-keychain,openpgp-keychain
opentelecoms-org,lumicall
openwatch,openwatch-android
oschina,android-app
oshepherd,impeller
osmandapp,osmand
otakuchiyan,dnsman
owncloud,android
owncloud,news-android-app
oxoooo,materialize
palfrey,postcode
pansanel,cetoolbox
paperairplane-dev-team,blacklight
paperairplane-dev-team,gigaget
papuh,papuhwalls
paranoidandroid,android_packages_apps_paranoidwallpapers
pascalfree,calendar-color
passcard4android,passcard
paulmach,text-edit-for-android
paulscode,mupen64plus-ae
paulwoitaschek,materialaudiobookplayer
pddstudio,earthview-android
pedja1,alogcatroot
pedrovgs,effectiveandroidui
pejic,easydice
pejic,summation
perepujal,tuxpaint-android
pettarin,epub3reader
pfalcon,apps2org
pgpauth,pgpauth_android
ph1b,materialaudiobookplayer
phantast,smartnavi
phhusson,superuser
phikal,regex
phora,aeondroid
phora,androptpb
photobackup,client-android
phpsysinfo,psiandroid
phuang,rotationlock
phunehehe,foocam
phw,android-pwdhash
phw,picardbarcodescanner
pi-developers,pi-locker
pi3ch,persian_anysoftkeyboard
pi3ch,ssh_anysoftkeyboard
pilot51,voicenotify
pipakin,android-bluetooth-reprap
pires,android-obd-reader
pklinken,earmouse
pkmx,lcamera
plafue,writeily-pro
plusonelabs,calendar-widget
plux7mmxgilymojy,presentationtimer-android
pmarks-net,chromadoze
pockethub,pockethub
pocmo,yaaic
pokerth,pokerth
poloure,rss
pongo710,sopa
poseidn,kungfoo
pot8oe,mythmote
poundifdef,virginmobileminuteschecker
powerinside,scrollsocket
powerje,nyandroid
powerpoint45,lucid-browser
ppareit,shutdown
ppareit,swiftp
pr0ps,entrust-identityguard-unblocker
pragma-,networklog
premnirmal,stockticker
prempalsingh,arcade-watchface
prey,prey-android-client
prismsw,lampshade
progval,andquote
project-voodoo,ota-rootkeeper-app
project-voodoo,screen-test-patterns-app
project-voodoo,simple_carrieriq_detector_app
projectsexception,myapplist
prrt714,kaleidoscope
psaravan,jamsmusicplayer
psaravan,music
pserwylo,msjviewer
pushbit,dining-out
puzzleduck,orbital-live-wallpaper
pyload,pyload-android
qii,weiciyuan
qixingchen,md-bilibili
qklabs,qksms
quaddy-services,dynamicnightlight
quantumbadger,redreader
queler,holokenmod
race604,zhihudaily-react-native
radiostudent,radiostudent-android
rafi-kamal,bangla-dictionary
rahulaga,worldclock
ralphje,muzei-unsplash
ralphleon,teatimer
rastating,droidbeard
raulhaag,mimanganu
raydac,androidpiratedice
rdoeffinger,dictionary
rectangle-dbmi,realtime-port-authority
redfish64,tinytraveltracker
redsolution,xabber-android
reepeecheep,numberguesser
reicast,reicast-emulator
renancunha33,diolinux_webapp2
renard314,textfairy
rengolin,cardgamescores
repat,mosf
restorer,gloomy-dungeons-2
restorer,gloomy-dungeons-3d
rfc2822,gfxtablet
rhornig,anysoftkeyboard-hungarian
ribot,ribot-app-android
richsmith,sexytopo
rigid,birthdroid
rinatkurmaev,tether-companion
rishubil,galbijjimsearcher
riul88,call-recorder-for-android
rjmarsan,pixelesque
rmack,twistedhomemanager
rmll,droidrmll
rmtheis,android-ocr
rnauber,pipepanic-android
roadriverrail,elloshare
robert7k,sipswitch
robotmedia,droid-comic-viewer
rocketchat,rocket
roelb,simple-c25k
romannurik,android-monthcalendarwidget
romannurik,dashclock
romannurik,formwatchface
romannurik,muzei
romario333,opensudoku
rorist,cowsay-android
rrelmy,batterylevel
rrelmy,locationcachemap
rtreffer,contactmerger
rtreffer,localgsmlocationprovider
rtyley,agit
rubenroy,minimal-todo
ruleant,getback_gps
safermobile,intheclear
safeslingerproject,safeslinger-android
sagamusic,saga-android
sagemath,android
sahan,travis-jr
samuelclay,newsblur
sanbeg,flashlight
sandeel,bushido-blocks
sanderbaas,rainalarm-android
sandsmark,quasseldroid
sasabus,sasabus
sash0k,bluetooth-spp-terminal
saulmm,material-movies
scar45,aokp-co-webviewer
schaal,ocreader
scheich,network
schildbach,bitcoin-wallet
schoumi,goblim
schwabe,ics-openvpn
scoutant,blokish
scoute-dich,baumann_theme
screenfreeze,deskcon-android
scummvm,scummvm
sdeagle,sudoq
sealskej,wear-for-swarm
secupwn,android-imsi-catcher-detector
secuso,privacy-friendly-dicer
secuso,privacy-friendly-pin-mnemonic
secuso,privacy-friendly-qr-scanner
secuso,privacy-friendly-torchlight
segin,bfinterpreter
segin,ttleditor
seizonsenryaku,hayailauncher
sergey-tuzlukov,weatherlogandroid
sergstetsuk,cosydvr
servalproject,batphone
serverfrog,frogpw
sevagh,pitcha
sevagh,unrealtracker
shadowsocks,shadowsocks-android
shahul3d,indiasatelliteweather
shakalaca,beautyclocklivewallpaper
shaneqful,jupiter-broadcasting-android-app
sheimi,sgit
sheldonneilson,android-alarm-clock
shinohane,onscripter
showmehills,showmehills
shubhamchaudhary,ccdroid
shubhamchaudhary,wordpowermadeeasy
siacs,conversations
siacs,voiceerecorder
sileht,seekswidget
simonmarquis,android-installreferrer
simonmarquis,android-preferencesmanager
simonmarquis,android-secretcodes
simonmarquis,android-urlschemeinterceptor
sinpolib,nfcard
sismics,reader
skarafaz,mercury
skillcollege,simplifyreader
skykai521,stickercamera
slapperwan,gh4a
slartus,4pdaclient-plus
sli,ohmcalc
sloeuillet,wifi_eap_sim_conf
slp,telegram-foss
smarek,simple-dilbert
smartdengg,rxweather
smblott-github,intent_radio
smc,indic-keyboard
smerty,ham.android
smerty,zooborns.android
smiller393,gorecompanion
smithdtyler,prettygoodmusicplayer
smokeymcbong,ed_tool
smssecure,smssecure
soft-studio,nfc_driverslicensereader
softcatala,traductorsoftcatalaandroid
softgearko,multiping-for-android
souch,smp
soupeaucaillou,heriswap
soupeaucaillou,recursive-runner
soynerdito,bluesound
sozialhelden,wheelmap-android
spacecowboy,notepad
spazedog,mounts2sd
spechide,whatsapptransmitter
splondike,polipoid
spongebobrf,bookdashandroidapp
spriyan,cricscoreapp
squarrel,wrongpinshutdown
sromku,memory-game
srpmtt,deadpixel
sryze,wirebug
ssaurel,android-clock-livewallpaper
stanlivitski,n-puzzle
steamgifts,steamgifts
stefan-niedermann,owncloud-notes
stephanepoinsart,votar
stephenjust,stkaddons-viewer
stichoza,anysoftkeyboardlanguagepackgeorgian
stovocor,whohasmystuff
stwalkerster,strobelight
subprogram,paranoidsmsblocker
substance-project,gem
sudowars,sudowars
sufficientlysecure,calendar-import-export
sufficientlysecure,document-viewer
sufficientlysecure,document-viewer-fontpack
sufficientlysecure,offline-calendar
sukso96100,sidepanel
sunyatazero,kindmind
surespot,android
sussman,androidomatic-keyer
sweetiepiggy,every-locale
syncthing,syncthing-android
synergy,synergy-android
syntaxblitz,plucklock
szelok,twister-android
szym,barnacle
t-rex96,easy_xkcd
t-spoon,android-developer-toolbelt
tairrzayev,bnotes
takke,cpustats
takke,datastats
takwolf,cnode-material-design
taky,effy
tananaev,traccar-client-android
tarka,anode
tasermonkey,android-passwordmaker
tasomaniac,openlinkwith
tasssadar,multirommgr
tcoxon,xkcdviewer
teamhorizon,android_packages_apps_xenonwallpapers
teamosc,subtlenews_android_app
teaonly,android-eye
teknoraver,andhrystone
telecapoland,jamendo-android
teneighty,moss
tengusw,share_to_clipboard
termux,termux-api
termux,termux-app
termux,termux-styling
termux,termux-widget
tgwizard,sls
thasmin,podax
theksmith,carbusinterface
therealfalcon,prestissimo
thescrabi,etherwake-app
thescrabi,newpipe
thescrabi,terminightor
thialfihar,apg
thibaudm,timelapse-sony
thibault,napply
threedliteguy,threedlite
threedliteguy,uhlocationreportingservice
threedliteguy,urforms
tillwoerner,brightnesswidget
timgreen,opaler
timvdalen,gizmooi
tinkerlog,pongtime
tiphedor,sms-spammer-android
tishka17,point.im-android
tjmolinski,crushr
tjmolinski,stripepaper
tkjelectronics,balanduinoandroidapp
tobiasschwirten,tuiodroid
tobykurien,batteryfu
tobykurien,googlenews
tobykurien,webapps
todorbalabanov,colorsoverflow
todorbalabanov,complica4
todorbalabanov,fishringsforandroid
todorbalabanov,hungarianringsforandroid
todorbalabanov,ithakaboardgame
todorbalabanov,politrics
todorbalabanov,scribe4
todorbalabanov,svarkaoddscalculator
todorbalabanov,tuty-fruty-slot-for-android
todorbalabanov,vitoshadm
tom-and-jerry,eyecam
tompreuss,apnsettings
tomtasche,opendocument.droid
toolwiz,toolwizapplock
tortel,syslog
toulibre,cdl-companion-android
tpbapp,pirate-proxy
trishika,droidupnp
try2codesecure,shellms
tsapree,l9droid
tslocum,meditationassistant
tstein,andross
tube42,candymem
tube42,drumon
tuckervento,tinfoil-twitter
tutao,tutanota
tuxmobil,campfahrplan
tvbarthel,cameracolorpicker
tvbarthel,chasewhisplyproject
tvbarthel,simplethermometerproject
tvbarthel,simpleweatherforecast
twidereproject,twidere-android
twinone,applocker
twitterdev,cannonball-android
tyde,tucanmobile
ubergeek42,weechat-android
uberspot,2048-android
uberspot,anagramsolver
uberspot,debiandroid
ucam-cl-dtg,barcodebox
ukanth,afwall
ultrafunk,netinfo
ultramega,elementary
umanx,dashnotifier
uobikiemukot,yaft-android
urandom,gearshift
ushahidi,smssync
utyff,pmetro
uwetrottmann,seriesguide
v-adhithyan,suprabhatham-android-app
valerio-bozzolan,acrylicpaint
vallez,paper-wallet
valos,isolmoa
vanilla-music,vanilla
vanilla-music,vanilla-headphone-detector
vanitasvitae,enigmandroid
varlesh,theia-icon-theme
vdavy,freemobilenetstat
veken0m,bitcoinium
velazcod,tinfoil-facebook
vi,redscreen.apk
videofly,videofly
videogameboy76,frozenbubbleandroid
viirus,omnomagon
vilbrekin,tinc_gui
vipsy,xkcd-muzei
vishnus,olam
vmihalachi,turbo-editor
vngrs,pomopomoandroid
vocollapse,blockinger
voidcode,diaspora-webclient
vomitcuddle,nori
vuze,vuze-remote-for-android
vx,connectbot
w84death,tanks-of-freedom
waboodoo,status-bar-tachometer
wakhub,tinyclock
wallabag,android-app
wang4yu6peng13,materialqqlite
wangdan,aisenweibo
wanleung,changjieime
watabou,pixel-dungeon
wbaumann,smartreceiptslibrary
wdkapps,fillup
weisserd,ldap-sync
wentam,defcol
whispersystems,flock
whispersystems,signal-android
wiglenet,wigle-wifi-wardriving
wikijourney,wikijourney_app
wikimedia,apps-android-commons
wikimedia,apps-android-wikipedia
wikimedia,wiktionarymobile
wikimedia,wlmmobile
willianveiga,countdowntimer
wingjay,jianshi
wingy,exodus
wish7code,openbmap
wish7code,org.openbmap.unifiednlpprovider
wistudent,freifunkautoconnectapp
withad,mandelbrot-maps-on-android
wkillerud,hiofenigma-android
wlemuel,cotable
woju,hud
wolpi,prim-ftpd
wordpress-mobile,wordpress-android
wrr,speech_trainer
x942,secdroid
xargsgrep,portknocker
xbmc,kore
xcc3641,seeweather
xenotropic,quizzn
xenris,liquid-wars-android
xgouchet,ted
xiaomi,android_tv_metro
xiprox,hummingbird-for-android
xiprox,wanikani-for-android
xloem,qrstream
xlythe,android_packages_apps_calculator
xlythe,hexgame_android
xlythe,minecraftclock
xmikos,snooperstopper
xpheres,androidanalyticaltranslator
xplodwild,android_packages_apps_focal
xsoh,etar-calendar
y20k,transistor
yaa110,effects-pro
yaa110,piclice
yacy,yacy_search_androidclient
yakoo63,gtalksms
yanchenko,droidparts-battery-widget
yankovskiy,silentnight
yassirh,digital-ocean-swimmer
yasuakihonda,maxima-on-android
ybonnel,transportsrennes
yerayalonso,lligaintermunicipal
yeriomin,dumbphoneassistant
yeriomin,smsscheduler
yeriomin,workoutlog
yhcting,feedhive
yhcting,netmbuddy
yhirano,mp3voicerecordersampleforandroid
yiselieren,relaunch
yonjuni,exalteddicer
yourealwaysbe,teacup
yourexp,beepme
youten,ibeacondetector
yubico,yubiclip-android
yubico,yubioath-android
yubico,yubitotp-android
yuriykulikov,alarmclock
yuttadhammo,ask-pali-keyboard
yuttadhammo,bodhitimer
yuttadhammo,e-tipitaka-for-android
yvesf,andiodine
zachacious,zabyrinth
zachrattner,pockettalk
zagaberoo,diode
zagaberoo,lockpatterngenerator
zagayevskiy,pacman
zaki50,memopad
zanshinmu,wifi-fixer
zaren678,hdhomerun-signal-meter
zeapo,android-password-store
zhaokaiqiang,jiandan
zi0p4tch0,katana
zikalify,bmi_calculator
zoff99,zanavi
zorger,nanoconverter
zostay,cpan-sidekick
zulip,zulip-android
zxing,zxing
zzhoujay,wallpaperstore
