j4velin,SystemAppMover
lucasdnd,16-bit-clock
wakhub,tinyclock
uberspot,2048-android
2buntu,2buntu-android-app
tuxmobil,CampFahrplan
tuxmobil,CampFahrplan
ligi,SCR
yacy,yacy_search_androidclient
jecelyin,920-Text-Editor
k3b,androFotoFinder
netmackan,ATimeTracker
jroal,a2dpvolume
aarddict,android
bailuk,AAT
gwhiteside,abstract-art
ennswi,AndroidCaldavSyncAdapater
billthefarmer,accordion
AChep,AcDisplay
valerio-bozzolan,AcrylicPaint
butzist,ActivityLauncher
robotmedia,droid-comic-viewer
Free-Software-for-Android,AdAway
ilijamt,android-adbm
danielegobbetti,ICSImport
DanielBarnett714,AddressToGPS
dnet,adsdroid
AnderWeb,android_packages_apps_Launcher
phora,AeonDroid
ukanth,afwall
rtyley,agit
achromaticmetaphor,agram
jiro-aqua,aGrep
SecUpwN,Android-IMSI-Catcher-Detector
benjaminaigner,aiproute
brosmike,AirPush-Detector
jparkie,Aizoban
ligi,AJShA
akvo,akvo-rsr-up
SheldonNeilson,Android-Alarm-Clock
Allsimon,Alldebrid
pedja1,aLogcatRoot
gehaxelt,Android-AltcoinfaucetApp
arpitkh96,AmazeFileManager
invano,AmbientWeatherDashClockExtension
abeiro,amplayer.droid
charbgr,Anagram-Solver
uberspot,AnagramSolver
xpheres,AndroidAnalyticalTranslator
nephoapp,anarxiv
mjdenham,and-bible
klassm,andFHEM
teknoraver,andhrystone
yvesf,andiodine
AndlyticsProject,andlytics
ProgVal,AndQuote
fr3ts0n,AndrOBD
pires,android-obd-reader
alt236,Android-Drawables---Android
yuttadhammo,E-Tipitaka-for-Android
markmcavoy,androidtoken
ksksue,Android-USB-Serial-Monitor-Lite
IsaNexusDev,androidcpg
sussman,androidomatic-keyer
phora,AndroPTPB
tstein,AndroSS
andreynovikov,Androzic
andstatus,andstatus
blitzprog,anime-release-notifier-android
ankidroid,Anki-Android
tarka,Anode
AntonioRedondo,AnotherMonitor
antennapod,AntennaPod
jparkie,GivesMeHopeAndroidClient
fivasim,Antikythera-Simulation
helloworld1,AnyMemo
AnySoftKeyboard,AnySoftKeyboard
Stichoza,AnySoftKeyboardLanguagePackGeorgian
AnySoftKeyboard,LanguagePack
rhornig,anysoftkeyboard-hungarian
kertase,neo_anysoftkeyboard
yuttadhammo,ask-pali-keyboard
pi3ch,persian_anysoftkeyboard
pi3ch,ssh_anysoftkeyboard
AnySoftKeyboard,LanguagePack
scar45,aokp-co-webviewer
thialfihar,apg
axxapy,apkExtractor
bparmentier,APKShare
JusticeRage,ApkTrack
tompreuss,APNSettings
adrian-bl,APN-Switch
adneal,Apollo-CM
twinone,AppLocker
nolanlawson,AppTracker
ghackett,AppAlarm
moparisthebest,AppBak
microg,AppleWifiNlpBackend
MajeurAndroid,Applications-Info
pfalcon,apps2org
Lesik,open-archnews
bpear96,ARChon-Packager
jeppsson,Arduino-Communicator
MarmaladeSky,aRevelation
dozingcat,AsciiCam
AnimaSA,Atarashii
lllllT,AtmosphereLogger
indrora,Atomic
mavidser,attendance-viewer
google,google-authenticator-android
DizzyThermal,Auto-Away
miracle2k,android-autostarts
apps4av,avare
brarcher,baby-sleep-sounds
TKJElectronics,BalanduinoAndroidApp
liato,android-bankdroid
johnzweng,bankomatinfos
johnzweng,bankomatinfos
ucam-cl-dtg,barcodebox
zxing,zxing
szym,barnacle
dougkeen,BartRunnerAndroid
adrian-bl,bl-battstatus-android
rrelmy,BatteryLevel
yanchenko,droidparts-battery-widget
hmrocha,batterywidget
tobykurien,BatteryFu
MohammadAG,android-file-beam
shakalaca,BeautyClockLiveWallpaper
knirirr,BeeCount
yourEXP,beepme
headrevision,BehatReporter
Berlin-Vegan,berlin-vegan-guide
javiersantos,WhatsAppBetaUpdater
iRail,BeTrains-for-Android
asksven,BetterWifiOnOff
asksven,BetterBatteryStats
MarcDufresne,BetterWeather
segin,BFInterpreter
GiorgioRegni,Binaural-Beats
iexos,BipolAlarm
dschuermann,birthday-adapter
rigid,Birthdroid
btcontract,VisualBitcoinWallet
schildbach,bitcoin-wallet
veken0m,bitcoinium
Cherubin7th,BlackSCREENpREsENtAtIONremote
ligi,BLExplorer
blippex,blippex_android_app
grote,BlitzMail
vocollapse,Blockinger
scoutant,blokish
scoute-dich,Baumann_Theme
soynerdito,BlueSound
pipakin,Android-Bluetooth-Reprap
Sash0k,bluetooth-spp-terminal
janosgyerik,bluetoothviewer
zikalify,BMI_Calculator
bobthekingofegypt,BobBall
dillbyrne,Bodha-Converter
yuttadhammo,BodhiTimer
drpout,boilr
beide,Bomber-for-android
BombusMod,BombusMod
JohnMHarrisJr,BoogDroid
eleybourn,Book-Catalogue
jyio,botbrew-gui
grimpy,Botifier
tillwoerner,BrightnessWidget
frankkienl,BronyLiveWallpaper
abrensch,brouter
intrications,browser-intercept
nkanaev,bubble
avianey,Level
notriddle,budget-envelopes
brarcher,budget-watch
budowski,budoist
nathanpc,Build.prop-Editor
marfl,android-bulgarian-phonetic-layout
alexghr,bulkshare
sandeel,Bushido-Blocks
guardianproject,cacert
Frozen-Developers,android-cache-cleaner
bitfireAT,cadroid
iilab,PanicButton
jochem88,clean-calculator
Xlythe,android_packages_apps_Calculator
gggard,AndroidCaldavSyncAdapater
pascalfree,calendar-color
k3b,CalendarIcsAdapter
SufficientlySecure,calendar-import-export
plusonelabs,calendar-widget
citiususc,calendula
felixb,callmeter
riul88,call-recorder-for-android
tvbarthel,CameraColorPicker
konklone,campyre
dozingcat,CamTimer
tube42,candymem
toulibre,cdl-companion-android
theksmith,CarBusInterface
bherrmann7,Car-Cast
rengolin,cardgamescores
carts-uiet,cartsbusboarding
nolanlawson,Catlog
bpeel,catverbs
eqvinox,wifisetup
shubhamchaudhary,ccdroid
arkon,CDFLabs
Pansanel,cetoolbox
wanleung,ChangjieIME
grzegorznittner,chanu
jforce-dev,Chapel-Hill-Transit-Android
guardianproject,checkey
de-live-gdev,cherrymusic_android
jcarolus,android-chess
esahekmat,ChessWatch
Nilhcem,frcndict-android
enricocid,ChocoUI---XDA-Colors
nolanlawson,ChordReaderRoot
pmarks-net,chromadoze
nathan-osman,chronosnap
jordhi,CineCat
gstarnberger,CBW
bkueng,clash_of_balls
emmaguy,clean-status-bar
douzifly,clear-todolist
clementine-player,Android-Remote
heruoxin,Clip-Stack
felixb,clipboard-beam
activems,clipcaster
ssaurel,android-clock-livewallpaper
Floens,Clover
banasiak,CoinFlip
banasiak,CoinFlipExtExample
NightlyNexus,Color-Clock
kaytdek,ColorNamer
androidsoft-org,androidsoft-coloring
TodorBalabanov,ColorsOverflow
gringer,ColourClock
MiCode,Compass
TodorBalabanov,Complica4
gringer,ConcentricClock
connectbot,connectbot
gituser1357,constellations
rtreffer,ContactMerger
Nutomic,control-dlna
siacs,Conversations
losttime,cooper
johanhil,copy-to-clipboard
o2genum,CoreGame
sergstetsuk,CosyDVR
cr5315,countdown-for-dashclock
willianveiga,CountdownTimer
rorist,Cowsay-android
zostay,CPAN-Sidekick
bvalosek,cpuspy
takke,cpustats
alijc,CricketsAlarm
spriyan,CricScoreApp
JohnPersano,CrimeTalk-Reader
CriticalMaps,criticalmaps-android
tjmolinski,crushr
nelenkov,cryptfs-password-manager
cSploit,android
elsewhat,com.elsewhat.android.currentwallpaper
cyngn,OneClickAndroid
cyclestreets,android
dennischen,daily-money
jpkrause,DailybRead
ercanpinar,app-android
nicopico-dev,dashclock-birthday
gabrielemariotti,dashclockbattery
mridang,dashclock-cellinfo
logomancer,dashquotes-civ5
mvsastry,dashcricket
dinosaurwithakatana,lastcaller
bashtian,dashclock-sunrise
mridang,dashclock-wifiinfo
acl33,AndroidDasher
umanx,DashNotifier
takke,DataStats
SrpMtt,DeadPixel
czlee,debatekeeper
uberspot,DebianDroid
lucasdnd,decimal-clock-widget
ecuamobi,deck-wallet
efarraro,deckerino
brillenheini,DeepScratch
wentam,DefCol
Natureshadow,Zahnarztgeraeusche
notizklotz,derbund-downloader
asnelt,derandom
screenfreeze,deskcon-android
f2prateek,Device-Frame-Generator
matejdro,PebbleDialer-Android
martinchodev,Diaspora-Native-WebApp
voidcode,Diaspora-Webclient
javierllorente,adc
edwardoyarzun,diccionariochilenoandroid
SecUSo,privacy-friendly-dicer
blaztriglav,did-i
logomancer,diedroid
Kaljurand,Diktofon
giraffine,Android-Project
zagaberoo,diode
renancunha33,diolinux_webapp2
herverenault,DirectDictaphone
75py,DisableManager
IvanVolosyuk,diskusage
obale,divedroid
lablogga,DIYgenomics_Android
otakuchiyan,DNSman
bparmentier,DNSSetter
yassirh,digital-ocean-swimmer
SufficientlySecure,document-viewer
SufficientlySecure,document-viewer-fontpack
dolphin-emu,dolphin
dbravender,korean_conjugation
agwells,dotdash-keyboard-android
endeepak,dotsnsquares
easytiger,dotty
matt-allen,dpixel
cerisara,DragonGoApp
ikew0ng,Dribbo
amasciul,Drinks
jmyrland,DriSMo
rastating,DroidBeard
onyxbits,Droidentify
beide,Droidgain
ltGuillaume,DroidShows
trishika,DroidUPnP
onyxbits,Drudgery
tube42,drumon
daneren2005,Subsonic
mobimentum,dualsimreminder
johanhil,ddg-android
duckduckgo,android
yeriomin,DumbphoneAssistant
dynalogin,dynalogin-android
quaddy-services,DynamicNightLight
pklinken,Earmouse
pejic,EasyDice
cernekee,EasyToken
T-Rex96,Easy_xkcd
mavonst,easyLight
Alkarex,EasyRSS
mafik,echo
F0x06,EddyMalou
SmokeyMcBong,ED_Tool
yaa110,Effects-Pro
congresointeractivo,elegilegimobile
ultramega,elementary
roadriverrail,elloshare
baolongnt,EmailPopup
kibab,encpasschanger
vanitasvitae,EnigmAndroid
Nutomic,ensichat
pR0Ps,Entrust-IdentityGuard-Unblocker
mannd,epmobile
jamienicol,episodes
mirasmithy,epochlauncher
pettarin,epub3reader
EvanRe,Equate
adepasquale,esms
mehmetakiftutuncu,eshotroid
xsoh,Etar-Calendar
theScrabi,Etherwake-app
asommer70,evergreen-wishlist
sweetiepiggy,Every-Locale
Yonjuni,ExaltedDicer
oaken-source,exceer
wingy,Exodus
kost,external-ip
tom-and-jerry,eyeCam
ET-CS,EZ-Wifi-Notification
indywidualny,FaceSlim
balau,fakedawn
btmura,rbb
gabm,FancyPlaces
codebutler,farebot
ligi,FAST
marin-liovic,Fast-Brightness-Control-Widget
Free-Software-for-Android,FasterGPS
geometer,FBReaderJ
geometer,FBReaderJ-plugin-local-opds-scanner
geometer,FBReaderJ-plugin-tts
gregko,TtsPlus-FBReader
yhcting,feedhive
krt16s,ffupdater
MiCode,FileExplorer
mcrosson,android_packages_apps_CMFileManager
mick88,filemanager
wdkapps,FillUp
AlexKang,blue-chat
awilliams,fish
TodorBalabanov,FishRingsForAndroid
mysociety,fixmystreet-mobile
daj,flashback
GodsMoon,Flashify
abitsinc,AB-ITS-Inc-Flashlight-Android
repat,mosf
fs1995,FlashlightWidget
louffoster,FlickIt
louffoster,FlickIt
harism,android_wallpaper_flier
ajaapps,flightmode
MohammadAdib,FloatingStickies
FredJul,Flym
xplodwild,android_packages_apps_Focal
gjedeer,androidwisprclient
phunehehe,fooCam
martykan,forecastie
jonan,ForkHub
slartus,4pdaClient-plus
316k,android-fortune
cbeyls,fosdem-companion-android
vdavy,freemobilenetstat
freeminer,freeminer
knilch0r,freeshisen
WIStudent,FreifunkAutoConnectApp
caarmen,FRCAndroidWidget
max-weller,friendica-for-android
Serverfrog,FrogPw
derpeter,FrOSCon
frostwire,frostwire-android
videogameboy76,frozenbubbleandroid
ppareit,swiftp
oneru,fwknop2
Freeyourgadget,Gadgetbridge
murraycu,android-galaxyzoo
rishubil,GalbijjimSearcher
tobykurien,GoogleNews
urandom,gearshift
jeffboody,gears2
namsor,gendreapp
onyxbits,geobookmark
MaTachi,geometri-destroyer
geopaparazzi,geopaparazzi
herrlado,GeorgianFonts
basil2style,getid
ruleant,getback_gps
rfc2822,GfxTablet
jgilfelt,GhostLog
brarcher,gift-card-guard
PaperAirplane-Dev-Team,GigaGet
n8fr8,gilgamesh
github,android
timvdalen,gizmooi
Chluverman,android-gltron
mariotaku,imageviewer-gl
restorer,gloomy-dungeons-3d
restorer,gloomy-dungeons-3d
linuxtage,glt-companion
Glucosio,android
KaeruCT,GLXY
ge0rg,gamemasterdice
guardianproject,gnupg-for-android
ligi,gobandroid
Schoumi,Goblim
aelmahmoudy,gogodroid
jseidl,GoldenEye-Mobile
smiller393,GoreCompanion
mendhak,gpslogger
hackathoner,Gradr
elelinux,GreatFreedom
greenaddress,WalletCordova
greenaddress,GreenBits
rtreffer,LocalGSMLocationProvider
Yakoo63,GTalkSMS
gsingh93,hacker-live-wallpaper
mpiannucci,HackWinds
durka,HallMonitor
Smerty,ham.android
atd,HandyNotes
corcoran,Hangar
darthjoey91,Hangman-Android
haha01haha01,HaRail_Android
ginkel,hashit
dillbyrne,HashPass
kodejak,Hashr
seizonsenryaku,HayaiLauncher
zaren678,Hdhomerun-signal-meter
eugmes,headingcalculator
vanilla-music,vanilla-headphone-detector
jakebasile,hearing-saver
daryldy,Heart
joeyvanderbie,android-heart-rate-monitor
dynamitetuning,com.dynamite.heaterrc
mvestola,helsinki-testbed2-android
borneq,HereGPSLocation
SoupeauCaillou,heriswap
Xlythe,HexGame_Android
ooz,HeyMeditation
manmal,hn-android
amir,HNdroid
omegavesko,HoloCounter
queler,holokenmod
Nilhcem,hosts-editor-android
jpriebe,hotdeath
bobbyrne01,howfardoyouswim-android
hsaito,hstempo_android
woju,hud
TodorBalabanov,HungarianRingsForAndroid
mboesling,HydroMemo
youten,iBeaconDetector
icecondor,android
louboco,Icicle
numixproject,org.numixproject.iconsubmit
GermainZ,Identiconizer
iFixit,iFixitAndroid
idunnololz,igo
jonatkins,ingress-intel-total-conversion
achromaticmetaphor,IMCKTG
oshepherd,Impeller
Shahul3D,IndiaSatelliteWeather
smc,Indic-Keyboard
mofosyne,instantReadmeApp
nezvadovitz,soundbored
intrications,intent-intercept
smblott-github,intent_radio
SaferMobile,intheclear
irssiconnectbot,irssiconnectbot
valos,Isolmoa
chemicalappspace,Isotopes
TodorBalabanov,IthakaBoardGame
enricocid,lffl-feed-reader
telecapoland,jamendo-android
nolanlawson,JapaneseNameConverterRoot
julianwi,javainstaller
jannispinter,jaws
AChep,JellyBeanClock
enricocid,JellyRevenge-CM11-theme
krt16s,jfcups-service
marunjar,anewjkuapp
ShaneQful,Jupiter-Broadcasting-Android-App
jarofgreen,Just-A-Damn-Compass
k9mail,k-9
cketti,DashClock_K-9
prrt714,Kaleidoscope
jorgecastillo,KanaDrill
Zi0P4tch0,Katana
nfd,KeePassNFC
bpellin,keepassdroid
nolanlawson,KeepScore
Grarak,KernelAdiutor
msemm,Keypad-Mapper-3
concentricsky,android-viewer-for-khan-academy
de-live-gdev,kimai-android
SunyataZero,KindMind
Neamar,KISS
kiwix,kiwix
konradrenner,kolabnotes-android
kontalk,androidclient
xbmc,Kore
poseidn,KungFoo
alexdantas,kure-music-player
Kaljurand,K6nele
tsapree,L9Droid
prismsw,Lampshade
adstro,launch-app-ops
weisserd,LDAP-Sync
olejon,mdapp
lexica,lexica
cmykola,Lexin
mborjesson,LG-Optimus-2X-Black-Notifications
foocorp,gnu-fm
foxykeep,lifecounter
eliotstocker,Light-Controller
anthonycr,Lightning-Browser
guardianproject,lildebi
hauckwill,linconnect-client
alexloehner,linuxcounter.android.app
DocSalvi,LinuxDayAppAndroid
xenris,liquid-wars-android
onyxbits,listmyaps
juodumas,android-lithuanian-layouts
YerayAlonso,LligaIntermunicipal
matt-allen,loaned-android
n76,Local-GSM-Backend
n76,wifi_backend
rrelmy,LocationCacheMap
k3b,locationMapViewer
zagaberoo,lockpatterngenerator
Chemik,logcatudp
LukeStonehm,LogicalDefence
DevelopFreedom,logmein-android
AlexKang,loopboard
hackathoner,LoveGame
brarcher,loyalty-card-locker
powerpoint45,Lucid-Browser
opentelecoms-org,lumicall
kesavanm,malartoon
Adonai,Man-Man
withad,Mandelbrot-Maps-on-Android
Kent1,Manille
chmod0,Manpages
diedricm,MapEver
falnatsheh,MarkdownView
devonjones,PathfinderOpenReference
Ph1b,MaterialAudiobookPlayer
aminb,mathtools
AlexKang,simple-matrix
YasuakiHonda,Maxima-on-Android
chelovek84,mBrowser
harleensahni,media-button-router
tslocum,MeditationAssistant
jcasson,MeerkatChallenge
billthefarmer,melodeon
jasonycw,MemeCreator
zaki50,MemoPad
androidsoft-org,androidsoft-memory
jakobwenzel,MensaGuthaben
Skarafaz,mercury
JBirdVegas,external_jbirdvegas_mGerrit
kamegami13,MonsterHunter4UDatabase
raulhaag,MiMangaNu
intervigilium,MicDroid
easytargetmixel,micopi_android
bitplane,Microphone
dotWee,MicroPinner
graham22,Classic
ikarus23,MifareClassicTool
Xlythe,MinecraftClock
minetest,minetest
KOBUGE-Games,minilens
rubenroy,Minimal-Todo
niteshpatel,ministocks
poundifdef,VirginMobileMinutesChecker
mattgmg1990,miracast-widget
MirakelX,mirakel-android
MirakelX,mirakel-android
amiryal,misbotheringsms
artetxem,mitzuli
danielegobbetti,mixare
javiersantos,MLManager
chelovek84,mLauncher
bencebeky,MMSKeeper
pserwylo,msjviewer
matburt,mobileorg-android
marfnk,sosmobileclient
Mobiperf,MobiPerf
inguin,moneybalance
grennis,MongoExplorer
dbooga,MonsterHunter3UDatabase
romannurik,Android-MonthCalendarWidget
alterechtschreibung,MonthCalendarWidget2FOSS
andviane,moon
mannd,morbidmeter-android
dgmltn,android-MorphClock
teneighty,moss
CarstenKarbach,MoTAC
chrismiceli,motp
Morlunk,Mountie
SpazeDog,mounts2sd
Nutomic,movecerts
claha,movianremote
edhelas,movim_android
jagossel,MovingPolygons
mozilla,MozStumbler
microg,IchnaeaNlpBackend
yhirano,Mp3VoiceRecorderSampleForAndroid
abarisain,dmix
loisaidasam,mta-fare-buster-android
AEFeinstein,mtg-familiar
kconger,org.thecongers.mtpms
lllllT,MultiPictureLiveWallpaper
softgearko,MultiPing-for-Android
LeonardoCardoso,Multitouch-Test
paulscode,mupen64plus-ae
danielme-com,Muspy-for-Android
kromonos,Mustard-Mod
romannurik,muzei
eboudrant,net.ebt.muzei.miyazaki
projectsexception,MyAppList
mtotschnig,MyExpenses
fixme-lausanne,MyHackerspace
aykit,myownnotes-android
gjedeer,mylocation
pot8oe,mythmote
StanLivitski,n-puzzle
allo-,NachtlagerDownloader
ZorgeR,nanoConverter
thibault,Napply
igoralmeida,muzei-apod
msal,muzei-nationalgeographic
navit-gps,navit
nciric,NDFilter
biochem-fan,NDKmol
alegen,netclip
M66B,NetGuard
ultrafunk,netinfo
yhcting,netmbuddy
nekromant,NetTTS
scheich,Network
pragma-,networklog
caarmen,network-monitor
dmashuda,networkScanner
kost,NetworkMapper
theScrabi,NewPipe
samuelclay,NewsBlur
soft-studio,NFC_DriversLicenseReader
mateusz-szafraniec,NFC-Key
nadam,nfc-reader
mateusz-szafraniec,NFCTagmaker
sinpolib,nfcard
mofosyne,NFCMessageBoard
okey666,NiceCompass
mthli,Ninja
KOBUGE-Games,Ninja-Training
glesik,nostrangersms
hrk,no-frills-cpu-classic
microg,NominatimGeocoderBackend
spacecowboy,NotePad
vomitcuddle,nori
guardianproject,notecipher
MPieter,Notification-Analyser
khuttun,NotificationNotes
gsurrel,FacebookNotifications
guvery,NotifyMe
caarmen,nounours-android
ethauvin,NoUSSD
arifhn,nstools
free-software-for-android,NTPSync
notriddle,null-launcher
Reepeecheep,NumberGuesser
numixproject,com.numix.calculator
numixproject,com.numix.icons_circle
holylobster,nuntius-android
justdave,nwsweatheralertswidget
jfedor2,nxt-remote-control
powerje,NyanDroid
jevonlongdell,nztides
jensstein,oandbackup
ldo,ObjViewer_Android
rmtheis,android-ocr
schaal,ocreader
slapperwan,gh4a
SufficientlySecure,offline-calendar
afwang,ogame-android-app
sli,ohmcalc
openintents,aboutapp
openintents,filemanager
openintents,notepad
openintents,safe
vishnus,Olam
vIiRuS,Omnomagon
shinohane,onscripter
OnlyInAmerica,BART
BrandroidTools,OpenExplorer
sanbeg,flashlight
GunshipPenguin,open_flood
tasomaniac,OpenLinkWith
nexes,Android-File-Manager
ctodobom,OpenNoteScanner
chaosbastler,opentraining
duncanje,android-open-wifi-network-remover
bparmentier,OpenBikeSharing
wish7code,org.openbmap.unifiedNlpProvider
cernekee,ics-openconnect
TomTasche,OpenDocument.droid
eMerzh,OpenFixMap
openpgp-keychain,openpgp-keychain
jfreax,OpenLaw
domoritz,open-mensa-android
iilab,openmentoring-mobile
indication,OpenRedmine
romario333,opensudoku
dmfs,opentasks
wkillerud,hiofenigma-android
schwabe,ics-openvpn
OpenWatch,OpenWatch-Android
d120,Kistenstapeln-Android
PuZZleDucK,Orbital-Live-Wallpaper
EthACKdotOrg,orWall
guardianproject,orweb
eolwral,OSMonitor
oschina,android-app
billthefarmer,scope
osmandapp,Osmand
osmandapp,Osmand
osmandapp,Osmand
Gittner,OSMBugs
elek,osmgpxuploader
nguillaumin,osmtracker-android
ldionmarcil,OSRSHelper
0xbb,otp-authenticator
felixb,otpdroid
Luorrak,Ouroboros
miku-nyan,Overchan-Android
MrDoomy,OverFlow
owncloud,android
owncloud,News-Android-App
stefan-niedermann,OwnCloud-Notes
nerzhul,ownCloud-SMS-App
dannagle,PacketSender-Android
firetech,PactrackDroid
moparisthebest,PagePlusBalance
NightWhistler,PageTurner
cybro,PalmCalc
niparasc,papanikolis-submarine
ValleZ,Paper-Wallet
Papuh,PapuhWalls
subprogram,ParanoidSmsBlocker
ParanoidAndroid,android_packages_apps_ParanoidWallpapers
jklmnn,ParkenDD
ligi,PassAndroid
passcard4android,PassCard
mwgg,passera
phw,Android-PwdHash
zeapo,Android-Password-Store
tasermonkey,android-passwordmaker
dillbyrne,PasteeDroid
TeamHorizon,android_packages_apps_XenonWallpapers
droidapps,pdfreader4Android
j4velin,Pedometer
bagilevi,android-pedometer
JesusFreke,Penroser
harism,android_wallpaper_flowers
horn3t,android_packages_apps_PerformanceControl
Frozen-Developers,android-periodic-table
arnowelzel,periodical
androidsoft-org,androidsoft-permission
FireFart,Permissions
ebraminio,DroidPersianCalendar
PGPAuth,PGPAuth_Android
Mnkai,PGPClipper
beegee-tokyo,phoenix
onyxbits,photobookmark
PhotoBackup,client-android
jruesga,PhotoPhase
Pi-Developers,Pi-Locker
estearg,android-piano
phw,PicardBarcodeScanner
yaa110,Piclice
SecUSo,privacy-friendly-pin-mnemonic
maxpower47,PinDroid
fvasco,pinpoi
rnauber,pipepanic-android
raydac,AndroidPirateDice
boombuler,piraten_map_app
sevagh,Pitcha
watabou,pixel-dungeon
rjmarsan,Pixelesque
guardianproject,PixelKnot
dahlia,muzei-pixiv
SyntaxBlitz,PluckLock
Morlunk,Plumble
ericzolf,pmtd
Utyff,pMetro
onyxbits,pocketbandit
zachrattner,pockettalk
junjunguo,PocketMaps
cmusphinx,pocketsphinx-android-demo
thasmin,Podax
einmalfel,PodListen
caarmen,poet-assistant
Tishka17,Point.im-Android
splondike,polipoid
miguelvps,PoliteDroid
TodorBalabanov,Politrics
Nyubis,Pomfshare
lithium,pomodoro
tinkerlog,PongTime
aaronjwood,PortAuthority
xargsgrep,PortKnocker
felixb,portal-timer
palfrey,postcode
hrydgard,ppsspp
SimonMarquis,Android-PreferencesManager
DamienOReilly,PrepayCredit
feelinglucky,Presentation
Plux7MMxGiLYmoJY,presentationtimer-android
TheRealFalcon,Prestissimo
smithdtyler,prettygoodmusicplayer
bpeel,prevo
wolpi,prim-ftpd
andviane,prism
okfn,product-browser-android
brarcher,protect-baby-monitor
phpsysinfo,psiandroid
MihaiBalint,TimisoaraPublicTransport
boztalay,PuppyFrame
ehcloninger,pf-public
androidsoft-org,androidsoft-puzzle
chrisboyle,sgtpuzzles
pyload,pyload-android
zagayevskiy,Pacman
lgallard,qBittorrent-Client
qklabs,qksms
SecUSo,privacy-friendly-qr-scanner
xloem,qrstream
jackpal,glesquake
sandsmark,QuasselDroid
Ohmnibus,quick-dice-roller
rdoeffinger,Dictionary
himmele,quickdroid
geecko86,QuickLyric
lightbox,QuickSnap
xenotropic,quizzn
frrahat,Quran-For-My-Android
mrksbrg,RacketGhost
chris-blay,radio-reddit-for-Android
RadioStudent,RadioStudent-Android
wish7code,openbmap
sanderbaas,rainalarm-android
OEP,rainwave-android
litrik,be.norio.randomapp
jonasbleyl,Recurrence
SoupeauCaillou,recursive-runner
Eibriel,RedDot
micwallace,reddinator
martinchodev,RedPanal-Android-WebApp
QuantumBadger,RedReader
vi,redscreen.apk
anthonydahanne,ReGalAndroid
phikal,ReGeX
reicast,reicast-emulator
yiselieren,ReLaunch
edsonduarte1990,reminders
omerjerk,RemoteDroid
onyxbits,remotekeyboard
frankmorgner,vsmartcard
matt-allen,repay-android
m45t3r,retrobreaker
demantz,RFAnalyzer
fasteque,rgb-tool
rafi-kamal,Bangla-Dictionary
cglapa,rights-alert
bfix,ringcode-android
dririan,ringydingydingy
mdecorde,BAC76
norenh,RKFRead
RMLL,droidrmll
jbardera,RoamingInfo
mattieapps,roommates
abcdjdj,RootVerifier-APP
phuang,RotationLock
cmotc,RotationLock
AleixDev,AppSpecificOrientation_FOSS
MohammadAdib,RoundR
lpar,RPN
illarionov,RtkGps
martinmarinov,rtl_tcp_andro-
jufickel,rdt
Marlinski,Rumble
naman14,S-Tools
SafeSlingerProject,SafeSlinger-Android
sagemath,android
monakhv,samlib-Info
maxfierke,sandwichroulette
awaken,sanity
SASAbus,SASAbus
ligi,SatoshiProof
mvglasow,satstat
JonasCz,save-for-offline
jmschanck,Scanner-For-Zotero
cerisara,Scrabble
lkorth,screen-notifications
mportuesisf,ScreenInfo
taky,effy
TodorBalabanov,Scribe4
JJC1138,scrobbledroid
PowerInside,ScrollSocket
caarmen,scrumchatter
scummvm,scummvm
ilesinge,scuttloid
jerickson314,sdscanner
haiwen,seadroid
x942,secdroid
Doplgangr,Secrecy_fDroid
SimonMarquis,Android-SecretCodes
sileht,SeeksWidget
evilrobot69,code
herverenault,Self-Hosted-GPS-Tracker
MrBIMC,SELinuxModeChanger
arpruss,sendreduced
mtotschnig,SendWithFtp
onyxbits,sensorreadout
fmetzger,android-sensorium
mustafa01ali,SensorsSandbox
DaveRead,SequenceHunt
servalproject,batphone
joanpuigsanz,servdroid
LeoChirkov,Service-Menu
richsmith,sexytopo
SteamGifts,SteamGifts
sheimi,SGit
dimtion,Shaarlier
markusfisch,ShaderEditor
emergentdotorg,shaman
tengusw,share_to_clipboard
marcosdiez,shareviahttp
00-Evan,shattered-pixel-dungeon
try2codesecure,ShellMS
indiandragon,Shellshock-Vulnerability-Scan
boombuler,Shift
dsoulayrol,android-sholi
GroundApps,ShoppingList
nicolassmith,urlevaluator
billthefarmer,shorty
ShowMeHills,ShowMeHills
MGaetan89,ShowsRage
ppareit,Shutdown
Buttink,sick-stache
souch,SMP
sukso96100,SidePanel
fadelakin,SFM
billthefarmer,sig-gen
yankovskiy,SilentNight
yuriykulikov,AlarmClock
hwki,SimpleBitcoinWidget
roelb,Simple-C25K
chibibi,simpleDeadlines
smarek,Simple-Dilbert
DF1E,SimpleExplorer
tgwizard,sls
mugcupsoup,SimpleReflectedLightMeter
poloure,rss
JamesFrost,SimpleDo
franciscofranco,Simple-Reboot-app
mpcjanssen,simpletask-android
aidin36,simpletextcrypt
tvbarthel,SimpleThermometerProject
tvbarthel,SimpleWeatherForecast
robert7k,sipswitch
sismics,reader
devisnik,slider
handschuh,Slight-backup
androidsoft-org,androidsoft-slowit
frankmorgner,vsmartcard
wbaumann,SmartReceiptsLibrary
Phantast,smartnavi
jberkel,sms-backup-plus
everythingandroid,android-smspopup
yeriomin,SmsScheduler
tiphedor,SMS-Spammer-Android
felixb,smsdroid
SMSSecure,SMSSecure
ushahidi,SMSSync
xmikos,SnooperStopper
mobilepearls,com.mobilepearls.sokoban
agnibho,solarcompass
amiga,sonorox
htruong,sophia_oss
dkim0419,SoundRecorder
MiCode,SoundRecorder
meonwax,soundboard
bottiger,SoundWaves
melllvar,Spark360
NewProggie,SparkleShare-Android
Etuldan,spaRSS
wrr,speech_trainer
jpeddicord,speedofsound
flyingrub,SpeedMeter
howeyc,spipedmobile
mikereidis,spirit2_free
olejon,spotcommander
Coolcord,Squeez
nikclayton,android-squeezer
fr3ts0n,StageFever
free-software-for-android,Standalone-Calendar
Waboodoo,Status-Bar-Tachometer
mathbellev,StdAtmosphere
Alexxz,Hawkingquotes
stephenjust,stkaddons-viewer
premnirmal,StockTicker
KodarKooperativet,NotificationStopwatch
enricocid,Storage-USB
nma83,SDCardTrac
tjmolinski,stripepaper
stwalkerster,strobelight
crysxd,Studiportal-Checker
gokhanmoral,STweaks
teamOSC,SubtleNews_Android_App
basil2style,Sudoku-Pattern-Generator-App
SDEagle,SudoQ
sudowars,sudowars
llaske,Sugarizer
pejic,Summation
phhusson,Superuser
koush,Superuser
omegavesko,SuTransPlus
TodorBalabanov,SvarkaOddsCalculator
cw,svg-viewer-android
adrianchifor,Swiftnotes
JhilanAlkarawi,Swiss-Tournament
GeorgijK,swj
npmiller,syncarnet
syncthing,syncthing-android
synergy,synergy-android
Tortel,SysLog
emdete,tabulae
ciasaboark,Tacere
inorichi,tachiyomi
Kyakujin,TagNotepad
mofosyne,tagdrop
a-tsioh,TaigIME-android
w84death,Tanks-of-Freedom
adrianchifor,TapUnlock
Acvarium,TasClock
abaker,tasks
CiTuX,TD
ralphleon,TeaTimer
yourealwaysbe,teacup
xgouchet,Ted
slp,Telegram-FOSS
jeffxmn,temaki
jackpal,Android-Terminal-Emulator
theScrabi,Terminightor
termux,termux-app
termux,termux-api
termux,termux-styling
termux,termux-widget
schildbach,bitcoin-wallet
RinatKurmaev,Tether-companion
paulmach,Text-Edit-for-Android
onyxbits,TextFiction
varlesh,theia-icon-theme
mateuszbuda,ThermometerExtended2
threedliteguy,threedlite
lordi,tickmate
hwmrocker,tictactoe
naman14,Timber
ThibaudM,timelapse-sony
dpadgett,Timer
hoffimar,timerdroid
ambrice,timesheet
LuK1337,TimeTable2
Vilbrekin,tinc_gui
velazcod,Tinfoil-Facebook
tuckervento,Tinfoil-Twitter
Anasthase,TintBrowser
Anasthase,TintBrowserAdblockAddon
redfish64,TinyTravelTracker
chrispbailey,ToDo-List-Widget
Earthblood,Toe
k3b,toGoZip
Fortyseven,ToneDef
hgdev-ch,toposuite-android
MrDoomy,Torch
anselm94,Torchie-Android
SecUSo,privacy-friendly-torchlight
GWlodarek,TorontoTransit
tpbapp,Pirate-Proxy
tananaev,traccar-client-android
Softcatala,TraductorSoftcatalaAndroid
andybotting,tramhunter
erickok,transdroid
erickok,transdroid-search
erickok,transdroid
y20k,transistor
grote,Transportr
ybonnel,TransportsRennes
sahan,Travis-Jr
evankale,TriRose
koelleChristian,trickytripper
ebaschiera,TripleCamel
dennis-sheil,GLWallpaperService
segin,TTLEditor
nilsbraden,ttrss-reader-fork
Tyde,TuCanMobile
TobiasSchwirten,tuiodroid
billthefarmer,tuner
vmihalachi,turbo-editor
eddturtle,TurtlePlayer
TodorBalabanov,tuty-fruty-slot-for-android
androidsoft-org,androidsoft-tuxmemory
perepujal,Tuxpaint-Android
drodin,TuxRider
42SK,TVKILL
john-tornblom,TVHGuide
TwidereProject,Twidere-Android
mariotaku,twidere.extension.twitlonger
gustavomondron,twik
rmack,TwistedHomeManager
szelok,twister-android
loadrunner,Facebook-Contact-Sync
lucasdnd,unix-time-clock-widget
sevagh,UnrealTracker
ralphje,muzei-unsplash
adrian,upm-android
threedliteguy,urforms
bretternst,urlazy
cryptofuture,urlhda
alt236,USB-Device-Info---Android
452,USBHIDTerminal
threedliteguy,UhLocationReportingService
vanilla-music,vanilla
kreed,vanilla
ligi,VaporizerControl
dozingcat,Vector-Pinball
MarcusWolschon,osmeditor4android
momodalo,vimtouch
felixpalmer,android-visualizer
TodorBalabanov,VitoshaDM
ojacquemart,vlilleChecker
pilot51,voicenotify
siacs,VoiceeRecorder
jurihock,voicesmith
mancio,Volume-Control
project-voodoo,simple_carrieriq_detector_app
project-voodoo,ota-rootkeeper-app
project-voodoo,screen-test-patterns-app
stephanepoinsart,votar
Amabyte,vtu-cs-lab-manual
vuze,vuze-remote-for-android
vx,connectbot
mafrosis,Wake-On-Lan
js-labs,WalkieTalkie
wallabag,android-app
markusfisch,WaveLinesWallpaper
sergey-tuzlukov,WeatherLogAndroid
opacapp,opacclient
tobykurien,webapps
balesz,android-WebSearch
felixb,websms-connector-gmx
felixb,websms-connector-smspilot-ru
martykan,webTube
ubergeek42,weechat-android
SpEcHiDe,WhatsAppTransmitter
sozialhelden,wheelmap-android
mcarolan,when-ze-bus
stovocor,whohasmystuff
cprados,wifimatic-android
BramBonne,privacypolice
glesik,wifireminders
hmrocha,wifiwidget
j4velin,WiFi-Auto-Off
Teaonly,android-eye
Zanshinmu,Wifi-Fixer
Maralexbar,Wifi-Key-View
firetech,wifiwarning
ivanvolosyuk,wifikeyboard
bparmentier,WiFiKeyShare
SLoeuillet,WIFI_EAP_SIM_Conf
wiglenet,wigle-wifi-wardriving
wikimedia,WLMMobile
WikiJourney,wikijourney_app
wikimedia,apps-android-commons
ebraminio,WikimediaCommonsForMuzei
wikimedia,apps-android-wikipedia
conchyliculture,wikipoff
nicolas-raoul,OxygenGuide-Android
wikimedia,WiktionaryMobile
sryze,wirebug
GrahamBlanshard,WiseRadar
shubhamchaudhary,wordpowermadeeasy
shubhamchaudhary,wordpowermadeeasy
as4565683,WordValueCalculator
wordpress-mobile,WordPress-Android
yeriomin,WorkoutLog
rahulaga,WorldClock
arminha,worldclockwidget
Kestutis-Z,World-Weather
johnnylambada,WorldMap
MazeChaZer,WoT-Tank-Quiz
glesik,wpgen
jselbie,wrekonline
plafue,writeily-pro
squarrel,WrongPinShutdown
Natureshadow,MirWTFApp
mattkwan,android-xserver
redsolution,xabber-android
redsolution,xabber-android
freezy,android-xbmcremote
enricocid,xda-feed-reader
vipsy,xkcd-muzei
tcoxon,XkcdViewer
pocmo,Yaaic
uobikiemukot,yaft-android
MichaelE1000,yahtzee4android
IanEH,YASFA1
ge0rg,yaxim
hhroc,yellr-android
harism,android_wallpaper_yinyang
Yubico,yubiclip-android
Yubico,yubioath-android
Yubico,yubitotp-android
zoff99,zanavi
ajlyon,zandy
Smerty,zooborns.android
microg,android_packages_apps_UnifiedNlp
microg,android_packages_apps_UnifiedNlp
microg,android_packages_apps_UnifiedNlp
ligi,etheremote
qii,weiciyuan
